https://res.cloudinary.com/lmru/image/upload/f_auto,q_auto,w_180,h_180,c_pad,b_white,d_photoiscoming.png,dpr_2.0/LMCode/18722589.jpg
https://res.cloudinary.com/lmru/image/upload/f_auto,q_auto,w_180,h_180,c_pad,b_white,d_photoiscoming.png,dpr_2.0/LMCode/18482116.jpg
https://res.cloudinary.com/lmru/image/upload/f_auto,q_auto,w_180,h_180,c_pad,b_white,d_photoiscoming.png,dpr_2.0/LMCode/18482116.jpg
https://res.cloudinary.com/lmru/image/upload/f_auto,q_auto,w_180,h_180,c_pad,b_white,d_photoiscoming.png,dpr_2.0/LMCode/18049507.jpg
https://res.cloudinary.com/lmru/image/upload/f_auto,q_auto,w_180,h_180,c_pad,b_white,d_photoiscoming.png,dpr_2.0/LMCode/15095305_04.jpg
https://res.cloudinary.com/lmru/image/upload/f_auto,q_auto,w_180,h_180,c_pad,b_white,d_photoiscoming.png,dpr_2.0/LMCode/15058563.jpg
https://res.cloudinary.com/lmru/image/upload/f_auto,q_auto,w_180,h_180,c_pad,b_white,d_photoiscoming.png,dpr_2.0/LMCode/13857230.jpg
https://res.cloudinary.com/lmru/image/upload/f_auto,q_auto,w_180,h_180,c_pad,b_white,d_photoiscoming.png,dpr_2.0/LMCode/13401153.jpg
https://res.cloudinary.com/lmru/image/upload/f_auto,q_auto,w_180,h_180,c_pad,b_white,d_photoiscoming.png,dpr_2.0/LMCode/12757510.jpg
https://res.cloudinary.com/lmru/image/upload/f_auto,q_auto,w_180,h_180,c_pad,b_white,d_photoiscoming.png,dpr_2.0/LMCode/12756884.jpg
https://res.cloudinary.com/lmru/image/upload/f_auto,q_auto,w_180,h_180,c_pad,b_white,d_photoiscoming.png,dpr_2.0/LMCode/12717412.jpg
https://res.cloudinary.com/lmru/image/upload/f_auto,q_auto,w_180,h_180,c_pad,b_white,d_photoiscoming.png,dpr_2.0/LMCode/12703221.jpg
https://res.cloudinary.com/lmru/image/upload/f_auto,q_auto,w_180,h_180,c_pad,b_white,d_photoiscoming.png,dpr_2.0/LMCode/12639223.jpg
https://res.cloudinary.com/lmru/image/upload/f_auto,q_auto,w_180,h_180,c_pad,b_white,d_photoiscoming.png,dpr_2.0/LMCode/10073940.jpg
https://res.cloudinary.com/lmru/image/upload/f_auto,q_auto,w_180,h_180,c_pad,b_white,d_photoiscoming.png,dpr_2.0/LMCode/82601336.jpg
https://res.cloudinary.com/lmru/image/upload/f_auto,q_auto,w_180,h_180,c_pad,b_white,d_photoiscoming.png,dpr_2.0/LMCode/82569795.jpg
https://res.cloudinary.com/lmru/image/upload/f_auto,q_auto,w_180,h_180,c_pad,b_white,d_photoiscoming.png,dpr_2.0/LMCode/82553560.jpg
https://res.cloudinary.com/lmru/image/upload/f_auto,q_auto,w_180,h_180,c_pad,b_white,d_photoiscoming.png,dpr_2.0/LMCode/82549766.jpg
https://res.cloudinary.com/lmru/image/upload/f_auto,q_auto,w_180,h_180,c_pad,b_white,d_photoiscoming.png,dpr_2.0/LMCode/82519317.jpg
https://res.cloudinary.com/lmru/image/upload/f_auto,q_auto,w_180,h_180,c_pad,b_white,d_photoiscoming.png,dpr_2.0/LMCode/82509586.jpg
https://res.cloudinary.com/lmru/image/upload/f_auto,q_auto,w_180,h_180,c_pad,b_white,d_photoiscoming.png,dpr_2.0/LMCode/82457319.jpg
https://res.cloudinary.com/lmru/image/upload/f_auto,q_auto,w_180,h_180,c_pad,b_white,d_photoiscoming.png,dpr_2.0/LMCode/82169280.jpg
https://res.cloudinary.com/lmru/image/upload/f_auto,q_auto,w_180,h_180,c_pad,b_white,d_photoiscoming.png,dpr_2.0/LMCode/14477512.jpg
https://res.cloudinary.com/lmru/image/upload/f_auto,q_auto,w_240,h_240,c_pad,b_white,d_photoiscoming.png,dpr_2.0/LMCode/93846959.jpg
https://res.cloudinary.com/lmru/image/upload/f_auto,q_auto,w_240,h_240,c_pad,b_white,d_photoiscoming.png,dpr_2.0/LMCode/93846970.jpg
https://res.cloudinary.com/lmru/image/upload/f_auto,q_auto,w_240,h_240,c_pad,b_white,d_photoiscoming.png,dpr_2.0/LMCode/93847047.jpg
https://res.cloudinary.com/lmru/image/upload/f_auto,q_auto,w_240,h_240,c_pad,b_white,d_photoiscoming.png,dpr_2.0/LMCode/93871075.jpg
https://res.cloudinary.com/lmru/image/upload/f_auto,q_auto,w_173,h_173,c_pad,b_white,d_photoiscoming.png,dpr_2.0/LMCode/14475808.jpg
https://res.cloudinary.com/lmru/image/upload/f_auto,q_auto,w_173,h_173,c_pad,b_white,d_photoiscoming.png,dpr_2.0/LMCode/14738321.jpg
https://res.cloudinary.com/lmru/image/upload/f_auto,q_auto,w_173,h_173,c_pad,b_white,d_photoiscoming.png,dpr_2.0/LMCode/18056871.jpg
https://res.cloudinary.com/lmru/image/upload/f_auto,q_auto,w_173,h_173,c_pad,b_white,d_photoiscoming.png,dpr_2.0/LMCode/18682142.jpg
https://res.cloudinary.com/lmru/image/upload/f_auto,q_auto,w_173,h_173,c_pad,b_white,d_photoiscoming.png,dpr_2.0/LMCode/82449658.jpg
https://res.cloudinary.com/lmru/image/upload/f_auto,q_auto,w_240,h_240,c_pad,b_white,d_photoiscoming.png,dpr_2.0/LMCode/18135448.jpg
https://res.cloudinary.com/lmru/image/upload/f_auto,q_auto,w_240,h_240,c_pad,b_white,d_photoiscoming.png,dpr_2.0/LMCode/18800735.jpg
https://res.cloudinary.com/lmru/image/upload/f_auto,q_auto,w_240,h_240,c_pad,b_white,d_photoiscoming.png,dpr_2.0/LMCode/81926854.jpg
https://res.cloudinary.com/lmru/image/upload/f_auto,q_auto,w_240,h_240,c_pad,b_white,d_photoiscoming.png,dpr_2.0/LMCode/956657.jpg
